Grid,Hyrdogen Demand(ton/year)(t1),t2,,,,,,,,,,,,,,
1,510,535.5,,,,,,,,,,,,,,
2,400,420,,,,,,,,,,,,,,
3,790,829.5,,,,,,,,,,,,,,
4,1195,1254.75,,,,,,,,,,,,,,
5,650,682.5,,,,,,,,,,,,,,
6,900,945,,,,,,,,,,,,,,
7,2005,2105.25,,,,,,,,,,,,,,
8,1925,2021.25,,,,,,,,,,,,,,
9,3220,3381,,,,,,,,,,,,,,
10,4510,4735.5,,,,,,,,,,,,,,
11,715,750.75,,,,,,,,,,,,,,
12,2565,2693.25,,,,,,,,,,,,,,
13,4985,5234.25,,,,,,,,,,,,,,
14,2485,2609.25,,,,,,,,,,,,,,
15,3435,3606.75,,,,,,,,,,,,,,
16,5235,5496.75,,,,,,,,,,,,,,
17,4305,4520.25,,,,,,,,,,,,,,
18,1985,2084.25,,,,,,,,,,,,,,
19,2285,2399.25,,,,,,,,,,,,,,
20,5320,5586,,,,,,,,,,,,,,
21,15255,16017.75,,,,,,,,,,,,,,
22,1040,1092,,,,,,,,,,,,,,
23,1260,1323,,,,,,,,,,,,,,
